{"cameraMode":{"drawMode":0,"name":"Shaded","section":"Shading Mode"},"sceneLighting":false,"audioPlay":false,"sceneViewState":{"m_AlwaysRefresh":false,"showFog":true,"showSkybox":false,"showFlares":true,"showImageEffects":true,"showParticleSystems":true,"showVisualEffectGraphs":true,"m_FxEnabled":false},"in2DMode":false,"pivot":{"x":-3.784050941467285,"y":20.633333206176759,"z":-13.955615997314454},"rotation":{"x":-0.22379536926746369,"y":0.11868353933095932,"z":-0.02749035321176052,"w":-0.9670872688293457},"size":25.735790252685548,"orthographic":false}