{"cameraMode":{"drawMode":0,"name":"Shaded","section":"Shading Mode"},"sceneLighting":false,"audioPlay":false,"sceneViewState":{"m_AlwaysRefresh":false,"showFog":true,"showSkybox":false,"showFlares":true,"showImageEffects":true,"showParticleSystems":true,"showVisualEffectGraphs":true,"m_FxEnabled":false},"in2DMode":false,"pivot":{"x":0.5532507300376892,"y":3.4399232864379885,"z":-2.8214669227600099},"rotation":{"x":-0.41827502846717837,"y":0.09124558418989182,"z":-0.042116399854421619,"w":-0.9028917551040649},"size":0.10943412780761719,"orthographic":false}