{"cameraMode":{"drawMode":0,"name":"Shaded","section":"Shading Mode"},"sceneLighting":true,"audioPlay":false,"sceneViewState":{"m_AlwaysRefresh":false,"showFog":true,"showSkybox":true,"showFlares":true,"showImageEffects":true,"showParticleSystems":true,"showVisualEffectGraphs":true,"m_FxEnabled":false},"in2DMode":false,"pivot":{"x":399.7012634277344,"y":1.4532616138458253,"z":448.0162353515625},"rotation":{"x":-0.13848662376403809,"y":-0.24445484578609467,"z":0.03541199490427971,"w":-0.9592140913009644},"size":1.5347670316696168,"orthographic":false}