{"cameraMode":{"drawMode":0,"name":"Shaded","section":"Shading Mode"},"sceneLighting":true,"audioPlay":false,"sceneViewState":{"m_AlwaysRefresh":false,"showFog":true,"showSkybox":true,"showFlares":true,"showImageEffects":true,"showParticleSystems":true,"showVisualEffectGraphs":true,"m_FxEnabled":false},"in2DMode":false,"pivot":{"x":409.37677001953127,"y":1.3237425088882447,"z":444.36285400390627},"rotation":{"x":-0.2973395586013794,"y":-0.34266504645347597,"z":0.11549254506826401,"w":-0.8837879300117493},"size":12.12435531616211,"orthographic":false}