{"cameraMode":{"drawMode":0,"name":"Shaded","section":"Shading Mode"},"sceneLighting":true,"audioPlay":false,"sceneViewState":{"m_AlwaysRefresh":false,"showFog":true,"showSkybox":true,"showFlares":true,"showImageEffects":true,"showParticleSystems":true,"showVisualEffectGraphs":true,"m_FxEnabled":false},"in2DMode":false,"pivot":{"x":404.94195556640627,"y":1.2899030447006226,"z":445.6841125488281},"rotation":{"x":-0.05692524462938309,"y":-0.20494405925273896,"z":0.012054246850311757,"w":-0.9771752953529358},"size":0.25264185667037966,"orthographic":false}