{"cameraMode":{"drawMode":0,"name":"Shaded","section":"Shading Mode"},"sceneLighting":false,"audioPlay":false,"sceneViewState":{"m_AlwaysRefresh":false,"showFog":true,"showSkybox":false,"showFlares":true,"showImageEffects":true,"showParticleSystems":true,"showVisualEffectGraphs":true,"m_FxEnabled":false},"in2DMode":false,"pivot":{"x":405.6299133300781,"y":1.1299999952316285,"z":437.48699951171877},"rotation":{"x":-0.43224379420280459,"y":0.017080729827284814,"z":-0.008039283566176892,"w":-0.9016761183738709},"size":0.47169387340545657,"orthographic":false}