{"cameraMode":{"drawMode":0,"name":"Shaded","section":"Shading Mode"},"sceneLighting":false,"audioPlay":false,"sceneViewState":{"m_AlwaysRefresh":false,"showFog":true,"showSkybox":false,"showFlares":true,"showImageEffects":true,"showParticleSystems":true,"showVisualEffectGraphs":true,"m_FxEnabled":false},"in2DMode":false,"pivot":{"x":0.10466611385345459,"y":-0.4664933383464813,"z":0.21092942357063294},"rotation":{"x":0.47166866064071658,"y":0.13329863548278809,"z":-0.07259591668844223,"w":0.8687793016433716},"size":0.47955819964408877,"orthographic":false}